id;status;start_time;end_time;orbit_eccentricity;orbit_inclination;orbit_right_ascension;orbit_argument_of_perigee;orbit_mean_anomaly;orbit_periapsis;change_reason
1;short considering;2025-04-23T18:50:53;2025-04-23T13:20:02;8130.03;31193.53;15743.83;29167.52;9356.48;8674.62;bidet serene
2;astride upset maul;2025-04-23T03:40:22;2025-04-23T20:28:39;15414.57;27017.47;32196.55;31560.71;4593.04;30195.95;closely pocket-watch
3;honesty weakly;2025-04-22T21:48:09;2025-04-23T19:20:52;17462.14;5575.31;31199.15;17113.66;6025.56;20643.36;custom because
4;zowie;2025-04-22T22:39:33;2025-04-23T19:44:03;8102.32;24474.58;30616.77;27003.04;27563;21267.87;sugary decision
5;abaft proofread;2025-04-23T07:51:12;2025-04-23T07:14:30;2226.56;19510.24;20205.17;13260.22;3191.23;30443.92;torn hassle
6;after indeed;2025-04-23T07:54:26;2025-04-23T19:10:35;17065.38;16689.49;28875.07;9194.5;17905.58;4251.01;insolence vol jacket
7;grandson joint provided;2025-04-23T11:10:25;2025-04-23T17:50:41;24291.67;23735.4;1487.31;26709.39;16699.07;12554.19;drab mmm
8;shoulder;2025-04-23T10:42:32;2025-04-23T04:19:24;23409.28;25058.14;32290.1;27077.14;1890.05;28299.68;but noxious negotiation
9;near on gape;2025-04-23T01:00:22;2025-04-23T20:26:15;260.28;31469.19;25142.73;30040.66;7404.24;20979.38;chiffonier unnaturally
10;wide;2025-04-23T06:41:27;2025-04-23T10:25:50;26432.99;10431.81;26734.89;2001.66;3347.16;15586.13;intensely gorgeous
